order_item_id,payment_type,shipping_mode,customer_segment,customer_country,customer_state,customer_city,market,order_region,order_country,order_state,order_city,category_name,department_name,product_name,product_price,quantity,discount_rate,order_date
2399,DEBIT,Second Class,Consumer,Puerto Rico,PR,Caguas,LATAM,Central America,México,Coahuila,Saltillo,Cleats,Apparel,Perfect Fitness Perfect Rip Deck,59.99000168,2,0.150000006,2015-01-15 01:43:00
5996,TRANSFER,First Class,Corporate,EE. UU.,PA,Philadelphia,LATAM,Central America,Panamá,Colón,Colón,Cardio Equipment,Footwear,Nike Men's Free 5.0+ Running Shoe,99.98999786,4,0.200000003,2015-02-05 01:31:00
8769,DEBIT,Second Class,Corporate,Puerto Rico,PR,Caguas,LATAM,Central America,Nicaragua,Matagalpa,Matagalpa,Cardio Equipment,Footwear,Nike Men's Free 5.0+ Running Shoe,99.98999786,5,0.119999997,2015-02-21 11:39:00
10872,PAYMENT,First Class,Corporate,Puerto Rico,PR,Caguas,LATAM,Central America,México,Distrito Federal,Mexico City,Fishing,Fan Shop,Field & Stream Sportsman 16 Gun Fire Safe,399.980011,1,0.100000001,2015-03-05 07:47:00
13540,PAYMENT,Standard Class,Corporate,EE. UU.,NY,Bronx,LATAM,Central America,México,Puebla,Puebla,Indoor/Outdoor Games,Fan Shop,O'Brien Men's Neoprene Life Vest,49.97999954,5,0.159999996,2015-03-21 03:34:00
14918,DEBIT,First Class,Consumer,Puerto Rico,PR,Caguas,LATAM,Central America,México,Jalisco,Tlaquepaque,Cleats,Apparel,Perfect Fitness Perfect Rip Deck,59.99000168,1,0.029999999,2015-03-29 10:12:00
15965,DEBIT,Standard Class,Consumer,EE. UU.,HI,Mililani,LATAM,Central America,Guatemala,Guatemala,Mixco,Cardio Equipment,Footwear,Nike Men's Free 5.0+ Running Shoe,99.98999786,3,0.170000002,2015-04-04 00:44:00
17033,PAYMENT,Standard Class,Consumer,EE. UU.,MN,Saint Paul,LATAM,Central America,México,Tabasco,Villahermosa,Girls' Apparel,Golf,Nike Men's Deutschland Weltmeister Winners Bl,30.0,2,0.02,2015-04-10 08:47:00
17265,DEBIT,Same Day,Consumer,Puerto Rico,PR,Caguas,LATAM,Central America,El Salvador,San Salvador,Apopa,Baseball & Softball,Fitness,adidas Kids' F5 Messi FG Soccer Cleat,34.99000168,2,0.200000003,2015-04-11 15:16:00
19436,TRANSFER,Second Class,Consumer,EE. UU.,CA,Martinez,LATAM,Central America,Guatemala,Guatemala,Villa Nueva,Shop By Sport,Golf,Under Armour Girls' Toddler Spine Surge Runni,39.99000168,1,0.039999999,2015-04-24 11:55:00
22866,PAYMENT,Standard Class,Consumer,Puerto Rico,PR,Caguas,LATAM,Central America,El Salvador,Santa Ana,Santa Ana,Cleats,Apparel,Perfect Fitness Perfect Rip Deck,59.99000168,3,0.119999997,2015-05-14 17:09:00
24131,TRANSFER,Same Day,Consumer,EE. UU.,PA,Chambersburg,LATAM,Central America,Panamá,Panamá,Panama City,Cleats,Apparel,Perfect Fitness Perfect Rip Deck,59.99000168,4,0.129999995,2015-05-22 01:01:00
128892,DEBIT,Standard Class,Consumer,Puerto Rico,PR,Guaynabo,LATAM,Central America,El Salvador,San Salvador,Cuscatancingo,Cardio Equipment,Footwear,Nike Men's Free 5.0+ Running Shoe,99.98999786,5,0.050000001,2017-01-22 22:25:00
132621,DEBIT,Second Class,Consumer,EE. UU.,NY,Freeport,LATAM,Central America,Nicaragua,Granada,Granada,Cleats,Apparel,Perfect Fitness Perfect Rip Deck,59.99000168,5,0.100000001,2017-02-13 13:37:00
135317,DEBIT,Same Day,Consumer,EE. UU.,CA,Garden Grove,LATAM,Central America,México,Querétaro,Querétaro,Camping & Hiking,Fan Shop,Diamondback Women's Serene Classic Comfort Bi,299.980011,1,0.01,2017-02-28 22:53:00
135893,DEBIT,First Class,Consumer,Puerto Rico,PR,Caguas,LATAM,Central America,México,Nayarit,Tepic,Water Sports,Fan Shop,Pelican Sunstream 100 Kayak,199.9900055,1,0.039999999,2017-03-04 06:04:00
137227,TRANSFER,First Class,Consumer,Puerto Rico,PR,Caguas,LATAM,Central America,Nicaragua,Masaya,Masaya,Cardio Equipment,Footwear,Nike Men's Free 5.0+ Running Shoe,99.98999786,1,0.159999996,2017-03-11 22:42:00
139365,PAYMENT,Second Class,Consumer,Puerto Rico,PR,Caguas,LATAM,Central America,México,Yucatán,Mérida,Baseball & Softball,Fitness,adidas Kids' F5 Messi FG Soccer Cleat,34.99000168,4,0.01,2017-03-24 09:53:00
147814,TRANSFER,Same Day,Corporate,EE. UU.,NY,Brooklyn,LATAM,Central America,Honduras,Cortés,Choloma,Indoor/Outdoor Games,Fan Shop,O'Brien Men's Neoprene Life Vest,49.97999954,4,0.07,2017-05-12 01:35:00
148092,DEBIT,Same Day,Consumer,Puerto Rico,PR,Caguas,LATAM,Central America,México,Distrito Federal,Miguel Hidalgo,Indoor/Outdoor Games,Fan Shop,O'Brien Men's Neoprene Life Vest,49.97999954,5,0.02,2017-05-13 17:53:00
